{
  "InceptionResNet (anti-overfit)": {
    "macro_auc": 0.8444954641994318,
    "macro_f1_opt": 0.5999836341203122,
    "hamming_loss": 0.135,
    "macro_kappa": 0.5030302444163494,
    "per_class_auc": {
      "N": 0.7859054415700267,
      "D": 0.8066166311937568,
      "G": 0.9341438703140831,
      "C": 0.9559994210450137,
      "A": 0.7398952095808383,
      "H": 0.8282352941176471,
      "M": 0.9989401165871754,
      "O": 0.7062277291869129
    },
    "per_class_kappa": {
      "N": 0.35135480572597144,
      "D": 0.4188213765291945,
      "G": 0.5963912630579298,
      "C": 0.8186528497409327,
      "A": 0.39833005893909623,
      "H": 0.24769703172978497,
      "M": 0.8608073175581626,
      "O": 0.3321872520497223
    },
    "optimal_thresholds": {
      "N": 0.35,
      "D": 0.45,
      "G": 0.7,
      "C": 0.85,
      "A": 0.9,
      "H": 0.7,
      "M": 0.65,
      "O": 0.45
    }
  }
}