{
  "InceptionResNet (original)": {
    "macro_auc": 0.8281487787314532,
    "macro_f1_opt": 0.5682985000958858,
    "hamming_loss": 0.1725,
    "macro_kappa": 0.44204104387678234,
    "per_class_auc": {
      "N": 0.7582143919119833,
      "D": 0.711549232664949,
      "G": 0.9693153857287596,
      "C": 0.9667100882906353,
      "A": 0.7934131736526946,
      "H": 0.8064705882352942,
      "M": 0.9915209326974033,
      "O": 0.627996436669906
    },
    "per_class_kappa": {
      "N": 0.2633981503438463,
      "D": 0.23980072298672506,
      "G": 0.5531724754244861,
      "C": 0.8338081671415005,
      "A": 0.22642436149312373,
      "H": 0.3618513323983169,
      "M": 0.9045974922769399,
      "O": 0.15327564894932022
    },
    "optimal_thresholds": {
      "N": 0.45,
      "D": 0.35,
      "G": 0.9,
      "C": 0.9,
      "A": 0.9,
      "H": 0.85,
      "M": 0.65,
      "O": 0.5
    }
  },
  "InceptionResNet (anti-overfit)": {
    "macro_auc": 0.8444954641994318,
    "macro_f1_opt": 0.5999836341203122,
    "hamming_loss": 0.135,
    "macro_kappa": 0.5030302444163494,
    "per_class_auc": {
      "N": 0.7859054415700267,
      "D": 0.8066166311937568,
      "G": 0.9341438703140831,
      "C": 0.9559994210450137,
      "A": 0.7398952095808383,
      "H": 0.8282352941176471,
      "M": 0.9989401165871754,
      "O": 0.7062277291869129
    },
    "per_class_kappa": {
      "N": 0.35135480572597144,
      "D": 0.4188213765291945,
      "G": 0.5963912630579298,
      "C": 0.8186528497409327,
      "A": 0.39833005893909623,
      "H": 0.24769703172978497,
      "M": 0.8608073175581626,
      "O": 0.3321872520497223
    },
    "optimal_thresholds": {
      "N": 0.35,
      "D": 0.45,
      "G": 0.7,
      "C": 0.85,
      "A": 0.9,
      "H": 0.7,
      "M": 0.65,
      "O": 0.45
    }
  },
  "ResNet50": {
    "macro_auc": 0.7997688372923802,
    "macro_f1_opt": 0.5044658560747741,
    "hamming_loss": 0.2067857142857143,
    "macro_kappa": 0.36419183545038747,
    "per_class_auc": {
      "N": 0.7266949152542372,
      "D": 0.7212949479108324,
      "G": 0.9186568244319004,
      "C": 0.9913156752062527,
      "A": 0.6940494011976048,
      "H": 0.7482352941176471,
      "M": 0.9706765589118531,
      "O": 0.6272270813087141
    },
    "per_class_kappa": {
      "N": 0.26367461430575045,
      "D": 0.2582710779082176,
      "G": 0.5635305528612997,
      "C": 0.7948951686417502,
      "A": 0.09143351600807614,
      "H": 0.11085450346420334,
      "M": 0.7310647639956093,
      "O": 0.09981048641819323
    },
    "optimal_thresholds": {
      "N": 0.5,
      "D": 0.4,
      "G": 0.85,
      "C": 0.9,
      "A": 0.65,
      "H": 0.25,
      "M": 0.9,
      "O": 0.4
    }
  },
  "EfficientNetB3": {
    "macro_auc": 0.8037259560014153,
    "macro_f1_opt": 0.5531037995182583,
    "hamming_loss": 0.18178571428571427,
    "macro_kappa": 0.42316768330857385,
    "per_class_auc": {
      "N": 0.7414139161462978,
      "D": 0.7764833277323475,
      "G": 0.9041829497756549,
      "C": 0.9597626284556376,
      "A": 0.7002245508982037,
      "H": 0.7373529411764705,
      "M": 0.994700582935877,
      "O": 0.6156867508908326
    },
    "per_class_kappa": {
      "N": 0.23434222355409062,
      "D": 0.33611942139839,
      "G": 0.49605609114811566,
      "C": 0.8887652947719689,
      "A": 0.20497910230783212,
      "H": 0.1887417218543046,
      "M": 0.8987854251012146,
      "O": 0.1375521863326742
    },
    "optimal_thresholds": {
      "N": 0.5,
      "D": 0.45,
      "G": 0.75,
      "C": 0.85,
      "A": 0.8,
      "H": 0.75,
      "M": 0.75,
      "O": 0.5
    }
  }
}