{
  "age_mean": 57.821443130860175,
  "age_std": 11.769395711092777
}